Tỉnh giao,LV-2,Kho Đến,Loại kho
"Nghệ An","Kho Trung Chuyến Nghệ An","Kho Trung Chuyến Nghệ An","Kho Trung Chuyển"
"Thanh Hóa","Kho Chuyến Tiếp Thanh Hoá","Kho Chuyến Tiếp Thanh Hoá","Kho Chuyển Tiếp"
"Hà Tĩnh","Kho Trung Chuyến Nghệ An","Kho Trung Chuyến Nghệ An","Kho Trung Chuyển"
"Nam Định","Kho Trung Chuyển Hưng Yên 01","Kho Trung Chuyển Hưng Yên 01","Kho Trung Chuyển"
"Hà Nam","Kho Trung Chuyển Hưng Yên 01","Kho Trung Chuyển Hưng Yên 01","Kho Trung Chuyển"
"Bắc Giang","Kho Trung Chuyển Hưng Yên 01","Kho Trung Chuyển Hưng Yên 01","Kho Trung Chuyển"
"Vĩnh Phúc","Kho Trung Chuyển Hưng Yên 01","Kho Trung Chuyển Hưng Yên 01","Kho Trung Chuyển"
"Thái Nguyên","Kho Trung Chuyển Hưng Yên 01","Kho Trung Chuyển Hưng Yên 01","Kho Trung Chuyển"
"Hà Giang","Kho Trung Chuyển Hưng Yên 01","Kho Trung Chuyển Hưng Yên 01","Kho Trung Chuyển"
"Lạng Sơn","Kho Trung Chuyển Hưng Yên 01","Kho Trung Chuyển Hưng Yên 01","Kho Trung Chuyển"
"Cao Bằng","Kho Trung Chuyển Hưng Yên 01","Kho Trung Chuyển Hưng Yên 01","Kho Trung Chuyển"
"Tuyên Quang","Kho Trung Chuyển Hưng Yên 01","Kho Trung Chuyển Hưng Yên 01","Kho Trung Chuyển"
"Bắc Kạn","Kho Trung Chuyển Hưng Yên 01","Kho Trung Chuyển Hưng Yên 01","Kho Trung Chuyển"
"Bình Dương","Bình Dương","Bình Dương","Nội vùng"
"Tây Ninh","Tây Ninh","Tây Ninh","Nội vùng"
"Đồng Nai","Kho Chuyển Tiếp Đồng Nai","Kho Chuyển Tiếp Đồng Nai","Kho Chuyển Tiếp"
"Bà Rịa - Vũng Tàu","Kho Chuyển Tiếp Đồng Nai","Kho Chuyển Tiếp Đồng Nai","Kho Chuyển Tiếp"
"Bình Thuận","Kho Chuyển Tiếp Bình Thuận","Kho Chuyển Tiếp Bình Thuận","Kho Chuyển Tiếp"
"Hưng Yên","Kho Trung Chuyển Hưng Yên 01","Kho Trung Chuyển Hưng Yên 01","Kho Trung Chuyển"
"Quảng Ninh","Kho Trung Chuyển Hưng Yên 01","Kho Trung Chuyển Hưng Yên 01","Kho Trung Chuyển"
"Bắc Ninh","Kho Trung Chuyển Hà Nội 02","Kho Trung Chuyển Hà Nội 02","Kho Trung Chuyển"
"Bắc Ninh","Kho Trung Chuyển Dương Xá","Kho Trung Chuyển Dương Xá","Kho Trung Chuyển"
"Bắc Ninh","Kho Trung Chuyển Dương Xá","Kho Trung Chuyển Dương Xá","Kho Trung Chuyển"
"Hải Phòng","Kho Trung Chuyển Hưng Yên 01","Kho Trung Chuyển Hưng Yên 01","Kho Trung Chuyển"
"Hải Dương","Kho Trung Chuyển Hưng Yên 01","Kho Trung Chuyển Hưng Yên 01","Kho Trung Chuyển"
"Ninh Bình","Kho Trung Chuyển Hưng Yên 01","Kho Trung Chuyển Hưng Yên 01","Kho Trung Chuyển"
"Thái Bình","Kho Trung Chuyển Hưng Yên 01","Kho Trung Chuyển Hưng Yên 01","Kho Trung Chuyển"
"Hồ Chí Minh","Hồ Chí Minh","Hồ Chí Minh","Nội Thành"
"Long An","Long An","Long An","Nội vùng"
"Kho Trung Chuyển Hà Nội 02","Kho Trung Chuyển Hà Nội 02","Kho Trung Chuyển Hà Nội 02","Kho Trung Chuyển"
"Hà Nội","Kho Trung Chuyển Hà Nội 02","Kho Trung Chuyển Hà Nội 02","Kho Trung Chuyển"
"Hà Nội","Kho Trung Chuyển Dương Xá","Kho Trung Chuyển Dương Xá","Kho Trung Chuyển"
"Hà Nội","Kho Trung Chuyển Dương Xá","Kho Trung Chuyển Dương Xá","Kho Trung Chuyển"
"Khánh Hòa","Kho Trung Chuyển Khánh Hòa","Kho Trung Chuyển Khánh Hòa","Kho Trung Chuyển"
"Đắk Lắk","Kho Trung Chuyển Đắk Lắk","Kho Trung Chuyển Đắk Lắk","Kho Trung Chuyển"
"Đắk Nông","Kho Chuyển Tiếp Đắk Nông","Kho Chuyển Tiếp Đắk Nông","Kho Chuyển Tiếp"
"Ninh Thuận","Kho Trung Chuyển Khánh Hòa","Kho Trung Chuyển Khánh Hòa","Kho Trung Chuyển"
"Bình Phước","Kho Chuyển Tiếp Bình Phước","Kho Chuyển Tiếp Bình Phước","Kho Chuyển Tiếp"
"Bình Định","Kho Trung Chuyển Bình Định","Kho Trung Chuyển Bình Định","Kho Trung Chuyển"
"Phú Yên","Kho Trung Chuyển Bình Định","Kho Trung Chuyển Bình Định","Kho Trung Chuyển"
"Lâm Đồng","Kho Trung Chuyển Hồ Chí Minh 20","Kho Trung Chuyển Hồ Chí Minh 20","Kho Trung Chuyển"
"Lào Cai","Kho Trung Chuyển Hà Nội 02","Kho Trung Chuyển Hà Nội 02","Kho Trung Chuyển"
"Sơn La","Kho Trung Chuyển Hà Nội 02","Kho Trung Chuyển Hà Nội 02","Kho Trung Chuyển"
"Phú Thọ","Kho Trung Chuyển Hưng Yên 01","Kho Trung Chuyển Hưng Yên 01","Kho Trung Chuyển"
"Hòa Bình","Kho Trung Chuyển Hà Nội 02","Kho Trung Chuyển Hà Nội 02","Kho Trung Chuyển"
"Yên Bái","Kho Trung Chuyển Hà Nội 02","Kho Trung Chuyển Hà Nội 02","Kho Trung Chuyển"
"Điện Biên","Kho Trung Chuyển Hà Nội 02","Kho Trung Chuyển Hà Nội 02","Kho Trung Chuyển"
"Lai Châu","Kho Trung Chuyển Hà Nội 02","Kho Trung Chuyển Hà Nội 02","Kho Trung Chuyển"
"Tiền Giang","Tiền Giang","Tiền Giang","Nội vùng"
"Bạc Liêu","Kho Trung Chuyển Cần Thơ","Kho Trung Chuyển Cần Thơ","Kho Trung Chuyển"
"Kiên Giang","Kho Trung Chuyển Hồ Chí Minh 20","Kho Trung Chuyển Hồ Chí Minh 20","Kho Trung Chuyển"
"Đồng Tháp","Kho Trung Chuyển Cần Thơ","Kho Trung Chuyển Cần Thơ","Kho Trung Chuyển"
"Trà Vinh","Kho Trung Chuyển Cần Thơ","Kho Trung Chuyển Cần Thơ","Kho Trung Chuyển"
"Sóc Trăng","Kho Trung Chuyển Cần Thơ","Kho Trung Chuyển Cần Thơ","Kho Trung Chuyển"
"An Giang","Kho Trung Chuyển Cần Thơ","Kho Trung Chuyển Cần Thơ","Kho Trung Chuyển"
"Cà Mau","Kho Trung Chuyển Hồ Chí Minh 20","Kho Trung Chuyển Hồ Chí Minh 20","Kho Trung Chuyển"
"Cần Thơ","Kho Trung Chuyển Hồ Chí Minh 20","Kho Trung Chuyển Hồ Chí Minh 20","Kho Trung Chuyển"
"Bến Tre","Bến Tre","Bến Tre","Nội vùng"
"Vĩnh Long","Kho Trung Chuyển Hồ Chí Minh 20","Kho Trung Chuyển Hồ Chí Minh 20","Kho Trung Chuyển"
"Hậu Giang","Kho Trung Chuyển Hồ Chí Minh 20","Kho Trung Chuyển Hồ Chí Minh 20","Kho Trung Chuyển"
"Kon Tum","Kho Trung Chuyển Gia Lai","Kho Trung Chuyển Gia Lai","Kho Trung Chuyển"
"Gia Lai","Kho Trung Chuyển Gia Lai","Kho Trung Chuyển Gia Lai","Kho Trung Chuyển"
"Quảng Bình","Kho Trung Chuyển Quảng Bình","Kho Trung Chuyển Quảng Bình","Kho Trung Chuyển"
"Đà Nẵng","Kho Trung Chuyển Đà Nẵng","Kho Trung Chuyển Đà Nẵng","Kho Trung Chuyển"
"Quảng Nam","Kho Trung Chuyển Đà Nẵng","Kho Trung Chuyển Đà Nẵng","Kho Trung Chuyển"
"Quảng Ngãi","Kho Chuyển Tiếp Quảng Ngãi","Kho Chuyển Tiếp Quảng Ngãi","Kho Chuyển Tiếp"
"Quảng Trị","Kho Trung Chuyển Quảng Bình","Kho Trung Chuyển Quảng Bình","Kho Trung Chuyển"
"Thừa Thiên Huế","Kho Trung Chuyển Đà Nẵng","Kho Trung Chuyển Đà Nẵng","Kho Trung Chuyển"
"Bưu Cục Đường Tuyến Tránh-Phú Quốc-Kiên Giang","Phú Quốc","Phú Quốc","Phú Quốc"
"Bưu Cục 555 Nguyễn Văn Cừ-Phú Quốc-Kiên Giang","Phú Quốc","Phú Quốc","Phú Quốc"
"Bưu Cục Ngã 3 Bãy Vòng 973-Đặc Khu Phú Quốc-Kiên Giang","Phú Quốc","Phú Quốc","Phú Quốc"
"Bưu Cục Xã Cửa Cạn-Phú Quốc-Kiên Giang","Phú Quốc","Phú Quốc","Phú Quốc"
"Điểm xử lý hàng Thổ Châu-Phú Quốc-Kiên Giang","Phú Quốc","Phú Quốc","Phú Quốc"
"Key Account Warehouse Ho Chi Minh","Key Account Warehouse Ho Chi Minh","Key Account Warehouse Ho Chi Minh","Kho KHL"
"Kho Giao Hàng Nặng - Bến Cát - Bình Dương","Kho Giao Hàng Nặng - Bến Cát - Bình Dương","Kho Giao Hàng Nặng - Bến Cát - Bình Dương","Kho Giao Hàng Nặng"
"Kho Giao Hàng Nặng - Tân Tạo - HCM","Kho Giao Hàng Nặng - Tân Tạo - HCM","Kho Giao Hàng Nặng - Tân Tạo - HCM","Kho Giao Hàng Nặng"
"Kho Giao Hàng Nặng - Thủ Dầu Một - Bình Dương","Kho Giao Hàng Nặng - Thủ Dầu Một - Bình Dương","Kho Giao Hàng Nặng - Thủ Dầu Một - Bình Dương","Kho Giao Hàng Nặng"
"Kho Giao Hàng Nặng - TX Cai Lậy - Tiền Giang","Kho Giao Hàng Nặng - TX Cai Lậy - Tiền Giang","Kho Giao Hàng Nặng - TX Cai Lậy - Tiền Giang","Kho Giao Hàng Nặng"
"Kho Giao Hàng Nặng - TP Mỹ Tho - Tiền Giang","Kho Giao Hàng Nặng - TP Mỹ Tho - Tiền Giang","Kho Giao Hàng Nặng - TP Mỹ Tho - Tiền Giang","Kho Giao Hàng Nặng"
"Kho Giao Hàng Nặng - Hồ Chí Minh","Kho Giao Hàng Nặng - Hồ Chí Minh","Kho Giao Hàng Nặng - Hồ Chí Minh","Kho Giao Hàng Nặng"
"Kho Giao Hàng Nặng - Thủ Đức - HCM","Kho Giao Hàng Nặng - Thủ Đức - HCM","Kho Giao Hàng Nặng - Thủ Đức - HCM","Kho Giao Hàng Nặng"
"Kho Giao Hàng Nặng - TP Tân An - Long An","Kho Giao Hàng Nặng - TP Tân An - Long An","Kho Giao Hàng Nặng - TP Tân An - Long An","Kho Giao Hàng Nặng"
"Kho Giao Hàng Nặng - TP Tây Ninh - Tây Ninh","Kho Giao Hàng Nặng - TP Tây Ninh - Tây Ninh","Kho Giao Hàng Nặng - TP Tây Ninh - Tây Ninh","Kho Giao Hàng Nặng"
"Kho Giao Hàng Nặng - Đức Hòa - Long An","Kho Giao Hàng Nặng - Đức Hòa - Long An","Kho Giao Hàng Nặng - Đức Hòa - Long An","Kho Giao Hàng Nặng"
"Kho Giao Hàng Nặng - Nhà Bè - HCM","Kho Giao Hàng Nặng - Nhà Bè - HCM","Kho Giao Hàng Nặng - Nhà Bè - HCM","Kho Giao Hàng Nặng"
"Kho Giao Hàng Nặng - Thuận An - Bình Dương","Kho Giao Hàng Nặng - Thuận An - Bình Dương","Kho Giao Hàng Nặng - Thuận An - Bình Dương","Kho Giao Hàng Nặng"
"Kho Giao Hàng Nặng - TP Bến Tre - Bến Tre","Kho Giao Hàng Nặng - TP Bến Tre - Bến Tre","Kho Giao Hàng Nặng - TP Bến Tre - Bến Tre","Kho Giao Hàng Nặng"
"Kho Giao Hàng Nặng - Dĩ An - Bình Dương","Kho Giao Hàng Nặng - Dĩ An - Bình Dương","Kho Giao Hàng Nặng - Dĩ An - Bình Dương","Kho Giao Hàng Nặng"
"Kho Trung Chuyển Hồ Chí Minh 20","Kho Trung Chuyển Hồ Chí Minh 20","Kho Trung Chuyển Hồ Chí Minh 20","Kho Trung Chuyển"
"Bưu Cục 106/3A Tây Lân-Hóc Môn-HCM","Hồ Chí Minh","Hồ Chí Minh","Nội Thành"
"Bưu Cục Hàng Vừa 320 Nguyễn Thị Kiểu-Hiệp Thành-Quận 12-HCM","Hồ Chí Minh","Hồ Chí Minh","Nội Thành"
"Bưu cục Long Thạnh Mỹ-Q9-HCM","Hồ Chí Minh","Hồ Chí Minh","Nội Thành"
"Bưu Cục 63A Trần Đình Xu-Q.1-HCM","Hồ Chí Minh","Hồ Chí Minh","Nội Thành"
"Bưu Cục C1/7 Lại Hùng Cường-Vĩnh Lộc B-Bình Chánh-HCM","Hồ Chí Minh","Hồ Chí Minh","Nội Thành"
"Bưu Cục 53A2 Đường 5-Linh Tây-Q.Thủ Đức-HCM","Hồ Chí Minh","Hồ Chí Minh","Nội Thành"
"Bưu Cục 104 Lương Ngọc Quyến-Q.Bình Thạnh-HCM","Hồ Chí Minh","Hồ Chí Minh","Nội Thành"
"Bưu Cục 8F Gò Xoài-Bình Hưng Hòa A-Bình Tân-HCM","Hồ Chí Minh","Hồ Chí Minh","Nội Thành"
"Bưu Cục 88/21 Phan Sào Nam-Q.Tân Bình-HCM","Hồ Chí Minh","Hồ Chí Minh","Nội Thành"
"Bưu Cục 01 Đường Số 6-Long Bình-Q.9-HCM","Hồ Chí Minh","Hồ Chí Minh","Nội Thành"
"Bưu Cục 53 Đường 22-Linh Đông-Thủ Đức-HCM","Hồ Chí Minh","Hồ Chí Minh","Nội Thành"
"Bưu Cục 602/26 Điện Biên Phủ-Phường 12-Bình Thạnh-HCM","Hồ Chí Minh","Hồ Chí Minh","Nội Thành"
"Bưu Cục 309 Nguyễn Thị Ngâu-Hóc Môn-HCM","Hồ Chí Minh","Hồ Chí Minh","Nội Thành"
"Bưu Cục 1440/1 Tỉnh Lộ 10-Tân Tạo-Bình Tân-HCM","Hồ Chí Minh","Hồ Chí Minh","Nội Thành"
"Bưu Cục Đường 21-Phường 08-Gò Vấp-HCM","Hồ Chí Minh","Hồ Chí Minh","Nội Thành"
"Bưu Cục 10 Đường số 8-Linh Xuân-Q.Thủ Đức-HCM","Hồ Chí Minh","Hồ Chí Minh","Nội Thành"
"Bưu Cục 185 Tân Thới Nhất 8-Phường Đông Hưng Thuận-HCM","Hồ Chí Minh","Hồ Chí Minh","Nội Thành"
"Bưu Cục 147E Đội Cung-Q.11-HCM","Hồ Chí Minh","Hồ Chí Minh","Nội Thành"
"Bưu Cục 197 Lê Cao Lãng-Phú Thạnh-Tân Phú-HCM","Hồ Chí Minh","Hồ Chí Minh","Nội Thành"
"Bưu Cục 02 Đường Số 28 - Củ Chi - HCM","Hồ Chí Minh","Hồ Chí Minh","Nội Thành"
"Bưu Cục 20/48A Bờ Bao Tân Thắng-Q.Tân Phú-HCM","Hồ Chí Minh","Hồ Chí Minh","Nội Thành"
"Bưu Cục Số 17 Đường Hoàng Văn Hợp-An Lạc A-Bình Tân-HCM","Hồ Chí Minh","Hồ Chí Minh","Nội Thành"
"Bưu Cục 125A Lê Lợi-Hóc Môn-HCM","Hồ Chí Minh","Hồ Chí Minh","Nội Thành"
"Bưu Cục 903B Tạ Quang Bửu-Q.8-HCM","Hồ Chí Minh","Hồ Chí Minh","Nội Thành"
"Bưu Cục 63 Đường Số 7-Xã Nhà Bè-HCM","Hồ Chí Minh","Hồ Chí Minh","Nội Thành"
"Bưu Cục Vĩnh Lộc A-Bình Chánh-HCM","Hồ Chí Minh","Hồ Chí Minh","Nội Thành"
"Bưu Cục 248A Nơ Trang Long-Q.Bình Thạnh-HCM","Hồ Chí Minh","Hồ Chí Minh","Nội Thành"
"Bưu Cục 7A/3 Thành Thái-Phường Diên Hồng-HCM","Hồ Chí Minh","Hồ Chí Minh","Nội Thành"
"Bưu Cục 47/2 Lê Văn Khương-Q.12-HCM","Hồ Chí Minh","Hồ Chí Minh","Nội Thành"
"Bưu Cục 04 Nhất Chi Mai-Q.Tân Bình-HCM","Hồ Chí Minh","Hồ Chí Minh","Nội Thành"
"Bưu Cục T30 Nguyễn Hữu Hào-Q.4-HCM","Hồ Chí Minh","Hồ Chí Minh","Nội Thành"
"Bưu Cục 2999 Phạm Thế Hiển-Q.8-HCM","Hồ Chí Minh","Hồ Chí Minh","Nội Thành"
"Bưu Cục 374 Xô Viết Nghệ Tĩnh-Q.Bình Thạnh-HCM","Hồ Chí Minh","Hồ Chí Minh","Nội Thành"
"Bưu Cục 291A Nguyễn Duy-Q.8-HCM","Hồ Chí Minh","Hồ Chí Minh","Nội Thành"
"Bưu Cục 58 Trương Quốc Dung-Q.Phú Nhuận-HCM","Hồ Chí Minh","Hồ Chí Minh","Nội Thành"
"Bưu Cục 82 Nguyễn Sỹ Sách-Q.Tân Bình-HCM","Hồ Chí Minh","Hồ Chí Minh","Nội Thành"
"Bưu Cục 119 Đường Số 1-Phường 11-Gò Vấp-HCM","Hồ Chí Minh","Hồ Chí Minh","Nội Thành"
"Bưu Cục 183 Nguyễn Oanh-Phường 17-Gò Vấp-HCM","Hồ Chí Minh","Hồ Chí Minh","Nội Thành"
"Bưu Cục 119 Nguyễn Văn Luông-Q.6-HCM","Hồ Chí Minh","Hồ Chí Minh","Nội Thành"
"Bưu Cục 116A Bà Hom-Phường 13-Quận 6-HCM","Hồ Chí Minh","Hồ Chí Minh","Nội Thành"
"Bưu Cục 63 Vĩnh Hội-Q.4-HCM","Hồ Chí Minh","Hồ Chí Minh","Nội Thành"
"Bưu Cục 456 Nguyễn Kiệm-Q.Phú Nhuận-HCM","Hồ Chí Minh","Hồ Chí Minh","Nội Thành"
"Bưu Cục 107 Đường 3D-Bình Hưng Hòa B-Bình Tân-HCM","Hồ Chí Minh","Hồ Chí Minh","Nội Thành"
"Bưu Cục 242 Tỉnh Lộ 2-Củ Chi-HCM","Hồ Chí Minh","Hồ Chí Minh","Nội Thành"
"Bưu Cục 480F Cao Thắng - Trường Sa-Q.3-HCM","Hồ Chí Minh","Hồ Chí Minh","Nội Thành"
"Bưu Cục 274 Cô Bắc-Q.1-HCM","Hồ Chí Minh","Hồ Chí Minh","Nội Thành"
"Bưu Cục 27 Nguyễn Xí-Q.Bình Thạnh-HCM","Hồ Chí Minh","Hồ Chí Minh","Nội Thành"
"Bưu Cục Phước Kiển-Nhà Bè-HCM","Hồ Chí Minh","Hồ Chí Minh","Nội Thành"
"Bưu cục Xuân Thới Thượng-Hóc Môn-HCM","Hồ Chí Minh","Hồ Chí Minh","Nội Thành"
"Bưu Cục 155 Quốc lộ 1A-Bình Chiểu-Thủ Đức-HCM","Hồ Chí Minh","Hồ Chí Minh","Nội Thành"
"Bưu Cục 1135 Phan Văn Trị-Q.Gò Vấp-HCM","Hồ Chí Minh","Hồ Chí Minh","Nội Thành"
"Bưu Cục 860/36 Huỳnh Tấn Phát-Q.7-HCM","Hồ Chí Minh","Hồ Chí Minh","Nội Thành"
"Bưu Cục 63 Ký Hòa-Q.5-HCM","Hồ Chí Minh","Hồ Chí Minh","Nội Thành"
"Bưu Cục 9 Hồng Bàng-Q.Bình Thạnh-HCM","Hồ Chí Minh","Hồ Chí Minh","Nội Thành"
"Bưu Cục 58 Lê Thúc Hoạch-Q.Tân Phú-HCM","Hồ Chí Minh","Hồ Chí Minh","Nội Thành"
"Bưu Cục 21 Phú Mỹ-Q.Bình Thạnh-HCM","Hồ Chí Minh","Hồ Chí Minh","Nội Thành"
"Bưu cục 78 Đường số 4-Q.7-HCM","Hồ Chí Minh","Hồ Chí Minh","Nội Thành"
"Bưu Cục 371 Nguyễn Kiệm-Q.Gò Vấp-HCM","Hồ Chí Minh","Hồ Chí Minh","Nội Thành"
"Bưu Cục 692 An Phú Tây-Bình Chánh-HCM","Hồ Chí Minh","Hồ Chí Minh","Nội Thành"
"Bưu Cục 2227 Văn Tiến Dũng-Bình Chánh-HCM","Hồ Chí Minh","Hồ Chí Minh","Nội Thành"
"Bưu Cục 31-31A Lý Phục Man-Bình Thuận-Quận 7-HCM","Hồ Chí Minh","Hồ Chí Minh","Nội Thành"
"Bưu Cục 47 Đường 882-Phú Hữu-Q.9-HCM","Hồ Chí Minh","Hồ Chí Minh","Nội Thành"
"Bưu Cục 78 Nguyễn Minh Hoàng-Phường 12-Q.Tân Bình-HCM","Hồ Chí Minh","Hồ Chí Minh","Nội Thành"
"Bưu Cục 165A Nguyễn Văn Tạo-Nhà Bè-HCM","Hồ Chí Minh","Hồ Chí Minh","Nội Thành"
"Bưu Cục Phường Long Trường-Q9-HCM","Hồ Chí Minh","Hồ Chí Minh","Nội Thành"
"Bưu Cục 320 Nguyễn Thị Kiểu-Hiệp Thành-Quận 12-HCM","Hồ Chí Minh","Hồ Chí Minh","Nội Thành"
"Bưu Cục 38 Đường Số 3-Q.Bình Tân-HCM","Hồ Chí Minh","Hồ Chí Minh","Nội Thành"
"Bưu Cục Phan Huy Ích-Gò Vấp-HCM","Hồ Chí Minh","Hồ Chí Minh","Nội Thành"
"Bưu Cục 92 Tân Chánh Hiệp 03-Tân Chánh Hiệp-Quận 12-HCM","Hồ Chí Minh","Hồ Chí Minh","Nội Thành"
"Bưu Cục 13 Đường Số 8-Hiệp Bình Phước-Q.Thủ Đức-HCM","Hồ Chí Minh","Hồ Chí Minh","Nội Thành"
"Bưu Cục 20 Đường số 81-Q.7-HCM","Hồ Chí Minh","Hồ Chí Minh","Nội Thành"
"Bưu Cục Số 25 Đường 12-An Phú-Q.2-HCM","Hồ Chí Minh","Hồ Chí Minh","Nội Thành"
"Bưu cục 215 Bình Thới-Q.11-HCM","Hồ Chí Minh","Hồ Chí Minh","Nội Thành"
"Bưu Cục 16 Trần Nhật Duật-Q.1-HCM","Hồ Chí Minh","Hồ Chí Minh","Nội Thành"
"Bưu Cục Phường Tây Thạnh-Tân Phú-HCM","Hồ Chí Minh","Hồ Chí Minh","Nội Thành"
"Bưu Cục 256/59 Đường Thạnh Xuân 25-Quận 12-HCM","Hồ Chí Minh","Hồ Chí Minh","Nội Thành"
"Bưu Cục 59 Trương Phước Phan-Q.Bình Tân-HCM","Hồ Chí Minh","Hồ Chí Minh","Nội Thành"
"Bưu Cục 88 Võ Thị Liễu-Q.12-HCM","Hồ Chí Minh","Hồ Chí Minh","Nội Thành"
"Bưu Cục A5 KDC Tân Thuận Nam-Phú Thuận-Quận 7-HCM","Hồ Chí Minh","Hồ Chí Minh","Nội Thành"
"Bưu Cục 195B Lý Chính Thắng-Q.3-HCM","Hồ Chí Minh","Hồ Chí Minh","Nội Thành"
"Bưu Cục 593A Tỉnh Lộ 15-Củ Chi-HCM","Hồ Chí Minh","Hồ Chí Minh","Nội Thành"
"Bưu Cục Đường 268 Đỗ Xuân Hợp-Phường Phước Long-HCM","Hồ Chí Minh","Hồ Chí Minh","Nội Thành"
"Bưu Cục 16A Lê Hồng Phong-Q.10-HCM","Hồ Chí Minh","Hồ Chí Minh","Nội Thành"
"Bưu Cục 608 Phan Văn Trị-Gò Vấp-HCM","Hồ Chí Minh","Hồ Chí Minh","Nội Thành"
"Bưu Cục 85 Cao Văn Ngọc-Phường Tân Phú-HCM","Hồ Chí Minh","Hồ Chí Minh","Nội Thành"
"Bưu Cục 1130 Đông Hưng Thuận 05-Q.12-HCM","Hồ Chí Minh","Hồ Chí Minh","Nội Thành"
"Bưu Cục F5/9A Trần Văn Giàu-Bình Chánh-HCM","Hồ Chí Minh","Hồ Chí Minh","Nội Thành"
"Bưu Cục Tân Kiên-Bình Chánh-HCM","Hồ Chí Minh","Hồ Chí Minh","Nội Thành"
"Bưu Cục Tăng Nhơn Phú B-Q.9-HCM","Hồ Chí Minh","Hồ Chí Minh","Nội Thành"
"Bưu Cục 295F Lý Thường Kiệt-Quận 11-HCM","Hồ Chí Minh","Hồ Chí Minh","Nội Thành"
"Bưu Cục 46 Tam Bình-Hiệp Bình Chánh-Q.Thủ Đức-HCM","Hồ Chí Minh","Hồ Chí Minh","Nội Thành"
"Bưu Cục 117 Hùng Vương-Q.5-HCM","Hồ Chí Minh","Hồ Chí Minh","Nội Thành"
"Bưu Cục 6 Phạm Văn Hai-Q.Tân Bình-HCM","Hồ Chí Minh","Hồ Chí Minh","Nội Thành"
"Bưu Cục 235 Hồ Học Lãm-Q.Bình Tân-HCM","Hồ Chí Minh","Hồ Chí Minh","Nội Thành"
"Bưu cục 58 Vũ Tông Phan-Q.2-HCM","Hồ Chí Minh","Hồ Chí Minh","Nội Thành"
"Bưu Cục Hàng Vừa 85 Cao Văn Ngọc-Q.Tân Phú-HCM","Hồ Chí Minh","Hồ Chí Minh","Nội Thành"
"Bưu Cục 198 Thạnh Lộc 15-Q.12-HCM","Hồ Chí Minh","Hồ Chí Minh","Nội Thành"
"Bưu Cục 29A Đường Số 5-Q.2-HCM","Hồ Chí Minh","Hồ Chí Minh","Nội Thành"
"Bưu Cục Hàng Vừa 20A Đường 12-Q.9-HCM","Hồ Chí Minh","Hồ Chí Minh","Nội Thành"
"Kho Chuyển Tiếp Bình Phước","Kho Chuyển Tiếp Bình Phước","Kho Chuyển Tiếp Bình Phước","Kho Chuyển Tiếp"
"Kho Chuyển Tiếp Bình Thuận","Kho Chuyển Tiếp Bình Thuận","Kho Chuyển Tiếp Bình Thuận","Kho Chuyển Tiếp"
"Kho Chuyển Tiếp Đắk Nông","Kho Chuyển Tiếp Đắk Nông","Kho Chuyển Tiếp Đắk Nông","Kho Chuyển Tiếp"
"Kho Chuyển Tiếp Đồng Nai","Kho Chuyển Tiếp Đồng Nai","Kho Chuyển Tiếp Đồng Nai","Kho Chuyển Tiếp"
"Kho Chuyển Tiếp Quảng Ngãi","Kho Chuyển Tiếp Quảng Ngãi","Kho Chuyển Tiếp Quảng Ngãi","Kho Chuyển Tiếp"
"Kho Chuyến Tiếp Thanh Hoá","Kho Chuyến Tiếp Thanh Hoá","Kho Chuyến Tiếp Thanh Hoá","Kho Chuyển Tiếp"
"Kho Trung Chuyển Bình Định","Kho Trung Chuyển Bình Định","Kho Trung Chuyển Bình Định","Kho Trung Chuyển"
"Kho Trung Chuyển Cần Thơ","Kho Trung Chuyển Cần Thơ","Kho Trung Chuyển Cần Thơ","Kho Trung Chuyển"
"Kho Trung Chuyển Đà Nẵng","Kho Trung Chuyển Đà Nẵng","Kho Trung Chuyển Đà Nẵng","Kho Trung Chuyển"
"Kho Trung Chuyển Đắk Lắk","Kho Trung Chuyển Đắk Lắk","Kho Trung Chuyển Đắk Lắk","Kho Trung Chuyển"
"Kho Trung Chuyển Dương Xá","Kho Trung Chuyển Dương Xá","Kho Trung Chuyển Dương Xá","Kho Trung Chuyển"
"Kho Trung Chuyển Gia Lai","Kho Trung Chuyển Gia Lai","Kho Trung Chuyển Gia Lai","Kho Trung Chuyển"
"Kho Trung Chuyển Hà Nội 02","Kho Trung Chuyển Hà Nội 02","Kho Trung Chuyển Hà Nội 02","Kho Trung Chuyển"
"Kho Trung Chuyển Hồ Chí Minh 20","Kho Trung Chuyển Hồ Chí Minh 20","Kho Trung Chuyển Hồ Chí Minh 20","Kho Trung Chuyển"
"Kho Trung Chuyển Hưng Yên 01","Kho Trung Chuyển Hưng Yên 01","Kho Trung Chuyển Hưng Yên 01","Kho Trung Chuyển"
"Kho Trung Chuyển Khánh Hòa","Kho Trung Chuyển Khánh Hòa","Kho Trung Chuyển Khánh Hòa","Kho Trung Chuyển"
"Kho Trung Chuyến Nghệ An","Kho Trung Chuyến Nghệ An","Kho Trung Chuyến Nghệ An","Kho Trung Chuyển"
"Kho Trung Chuyển Quảng Bình","Kho Trung Chuyển Quảng Bình","Kho Trung Chuyển Quảng Bình","Kho Trung Chuyển"
"Bưu Cục Khu Phố 4-Bắc Tân Uyên-Bình Dương","Bình Dương","Bình Dương","Nội vùng"
"Bưu Cục 376/38 Trảng Sắn-Phú Giáo-Bình Dương","Bình Dương","Bình Dương","Nội vùng"
"Bưu Cục Nguyễn Thị Minh Khai-Thị trấn Tân Phú-Huyện Đồng Phú-Bình Phước","Bình Dương","Bình Dương","Nội vùng"
"Bưu Cục DT 744-An Tây-Bến Cát-Bình Dương","Bình Dương","Bình Dương","Nội vùng"
"Bưu Cục 04 Đường 13 tháng 3-Dầu Tiếng-Bình Dương","Bình Dương","Bình Dương","Nội vùng"
"Bưu Cục DA 1-1 Mỹ Phước-Bến Cát-Bình Dương","Bình Dương","Bình Dương","Nội vùng"
"Bưu Cục Bàu Bàng-Bình Dương","Bình Dương","Bình Dương","Nội vùng"
"Bưu Cục 870 Huỳnh Văn Lũy-Thủ Dầu Một-Bình Dương","Bình Dương","Bình Dương","Nội vùng"
"Bưu Cục 178 Đường DT741-Bến Cát-Bình Dương","Bình Dương","Bình Dương","Nội vùng"
"Bưu Cục Tân Hiệp 04-Tân Uyên-Bình Dương","Bình Dương","Bình Dương","Nội vùng"
"Bưu Cục 79 Đường Tỉnh 871-Xã Gia Thuận-Tiền Giang","Tiền Giang","Tiền Giang","Nội vùng"
"Bưu Cục Ấp Phú Long-Xã Hưng Khánh Trung-Bến Tre","Bến Tre","Bến Tre","Nội vùng"
"Bưu Cục Quốc Lộ 57-Xã Hương Mỹ-Bến Tre","Bến Tre","Bến Tre","Nội vùng"
"Bưu Cục Đường Số 2 KDC Genimex-TP.Tân Uyên-Bình Dương","Bình Dương","Bình Dương","Nội vùng"
"Bưu Cục Số 8 Lê Chí Dân-Thủ Dầu Một-Bình Dương","Bình Dương","Bình Dương","Nội vùng"
"Bưu Cục Đường NL12-Phường Thới Hòa-Bình Dương","Bình Dương","Bình Dương","Nội vùng"
"Bưu Cục 182 Xuyên Á-TP.Dĩ An-Bình Dương","Bình Dương","Bình Dương","Nội vùng"
"Bưu cục KDC Đồng Chàm-Dĩ An-Bình Dương","Bình Dương","Bình Dương","Nội vùng"
"Bưu Cục 95 Nguyễn Thị Tươi-Tân Bình-Dĩ An-Bình Dương","Bình Dương","Bình Dương","Nội vùng"
"Bưu Cục 503/16 Lê Thị Trung-Bình Chuẩn-TP.Thuận An-Bình Dương","Bình Dương","Bình Dương","Nội vùng"
"Bưu cục Số 54/1 Đường Tân Phước Khánh 13-Tân Uyên-Bình Dương","Bình Dương","Bình Dương","Nội vùng"
"Bưu Cục A4/18 Đường D10-Thuận An-Bình Dương","Bình Dương","Bình Dương","Nội vùng"
"Bưu Cục 265 Lào Cai-Chánh Nghĩa-Thủ Dầu Một-Bình Dương","Bình Dương","Bình Dương","Nội vùng"
"Bưu Cục 257 Bùi Ngọc Thu-Chánh Hiệp-Bình Dương","Bình Dương","Bình Dương","Nội vùng"
"Bưu Cục 733 Đại Lộ Bình Dương-Thủ Dầu Một-Bình Dương","Bình Dương","Bình Dương","Nội vùng"
"Bưu Cục Phú Lợi-TP.Thủ Dầu Một-Bình Dương","Bình Dương","Bình Dương","Nội vùng"
"Bưu Cục Đường 743B-Thuận An-Bình Dương","Bình Dương","Bình Dương","Nội vùng"
"Bưu cục D1-D39 KDC VietSing-An Phú-Thuận An-Bình Dương","Bình Dương","Bình Dương","Nội vùng"
"Bưu Cục Phường Lái Thiêu-Thuận An-Bình Dương","Bình Dương","Bình Dương","Nội vùng"
"Bưu Cục 575 Đường 22/12-Thuận An-Bình Dương","Bình Dương","Bình Dương","Nội vùng"
"Bưu Cục 79 Nguyễn Hiền-Dĩ An-Bình Dương","Bình Dương","Bình Dương","Nội vùng"
"Bưu Cục Đông Chiêu-Tân Đông Hiệp-Dĩ An-Bình Dương","Bình Dương","Bình Dương","Nội vùng"
"Bưu Cục 30 Nguyễn Trãi-Phường 3-Tây Ninh","Tây Ninh","Tây Ninh","Nội vùng"
"Bưu Cục 107 Nguyễn Chí Thanh-Tân Biên-Tây Ninh","Tây Ninh","Tây Ninh","Nội vùng"
"Bưu Cục 58 Trần Văn Trà-Tân Châu-Tây Ninh","Tây Ninh","Tây Ninh","Nội vùng"
"Bưu Cục 1402 Hoàng Lê Kha-Châu Thành-Tây Ninh","Tây Ninh","Tây Ninh","Nội vùng"
"Bưu Cục 393 Tôn Đức Thắng-Hòa Thành-Tây Ninh","Tây Ninh","Tây Ninh","Nội vùng"
"Bưu Cục Cầu Khởi-Dương Minh Châu-Tây Ninh","Tây Ninh","Tây Ninh","Nội vùng"
"Bưu Cục 295 Nguyễn Văn Linh-Long Hoa-Tây Ninh","Tây Ninh","Tây Ninh","Nội vùng"
"Bưu Cục Ấp 1 Đường Tân Châu-Tân Châu-Tây Ninh","Tây Ninh","Tây Ninh","Nội vùng"
"Bưu Cục 131 Trần Phú-Ninh Trung-Ninh Sơn-Tây NInh","Tây Ninh","Tây Ninh","Nội vùng"
"Bưu Cục Ấp Tân Hòa-Tân Biên-Tây Ninh","Tây Ninh","Tây Ninh","Nội vùng"
"Bưu Cục Đường Ba Mươi Tháng Tư-Trảng Bàng-Tây Ninh","Tây Ninh","Tây Ninh","Nội vùng"
"Bưu Cục 156 Quốc Lộ 22-Gò Dầu-Tây Ninh","Tây Ninh","Tây Ninh","Nội vùng"
"Bưu Cục DT 786 Khu Phố 4-Bến Cầu-Tây Ninh","Tây Ninh","Tây Ninh","Nội vùng"
"Bưu Cục 600 DT782 Bàu Đồn-Gò Dầu-Tây Ninh","Tây Ninh","Tây Ninh","Nội vùng"
"Bưu Cục An Lợi-Trảng Bàng-Tây Ninh","Tây Ninh","Tây Ninh","Nội vùng"
"Bưu Cục Ấp Rừng Sến-Xã Đức Lập-Long An","Long An","Long An","Nội vùng"
"Bưu Cục Ấp 1 Nguyễn Văn Dương-Xã Mỹ Hạnh-Long An","Long An","Long An","Nội vùng"
"Bưu Cục 4B Khu B-Xã Hậu Nghĩa-Long An","Long An","Long An","Nội vùng"
"Bưu Cục 108 Khu Phố 2-Đức Huệ-Long An","Long An","Long An","Nội vùng"
"Bưu Cục 270 Phan Văn Mãng- Bến Lức-Long An","Long An","Long An","Nội vùng"
"Bưu Cục Cần Đước-Long An","Long An","Long An","Nội vùng"
"Bưu Cục Ấp Ngoài-Xã Phước Lý-Long An","Long An","Long An","Nội vùng"
"Bưu Cục Ấp Lủy-Phước Lại-Cần Giuộc-Long An","Long An","Long An","Nội vùng"
"Bưu Cục Đường 25A3-Xã Đức Hòa Hạ-Long An","Long An","Long An","Nội vùng"
"Bưu Cục 45/2b Quốc Lộ 62-Tân An-Long An 01","Long An","Long An","Nội vùng"
"Bưu Cục Đường Tỉnh 827-Tầm Vu-Châu Thành-Long An","Long An","Long An","Nội vùng"
"Bưu Cục 59A Nguyễn Văn Tạo-Tân An-Long An","Long An","Long An","Nội vùng"
"Bưu Cục Khu Phố 2-Thạnh Hoá-Long An","Long An","Long An","Nội vùng"
"Bưu Cục 219 Quốc Lộ 62-Kiến Tường-Long An","Long An","Long An","Nội vùng"
"Bưu Cục Kiến Tường-Long An","Long An","Long An","Nội vùng"
"Bưu Cục 45 Nhật Tảo-Xã Vĩnh Hưng-Long An","Long An","Long An","Nội vùng"
"Bưu Cục 56 Dương Văn Dương-Xã Tân Thạnh-Long An","Long An","Long An","Nội vùng"
"Bưu Cục 88 Ấp Thân Hòa-Thân Cửu Nghĩa-Châu Thành-Tiền Giang","Tiền Giang","Tiền Giang","Nội vùng"
"Bưu Cục 206 A Đoàn Thị Nghiệp-Mỹ Tho-Tiền Giang 01","Tiền Giang","Tiền Giang","Nội vùng"
"Bưu Cục 230 Ấp Bình Hạnh-Long Bình Điền-Chợ Gạo-Tiền Giang","Long An","Long An","Nội vùng"
"Bưu Cục Khu phố 1-Tân Phước-Tiền Giang","Tiền Giang","Tiền Giang","Nội vùng"
"Bưu Cục Quốc Lộ 50-Gò Công Tây-Tiền Giang","Tây Ninh","Tây Ninh","Nội vùng"
"Bưu Cục Kp3 Phường 3-Gò Công-Tiền Giang","Tiền Giang","Tiền Giang","Nội vùng"
"Bưu Cục 992 Đường Huyện 35-Vĩnh Kim-Châu Thành-Tiền Giang","Tiền Giang","Tiền Giang","Nội vùng"
"Bưu Cục Ấp Hậu Mỹ Phú 1-Cái Bè-Tiền Giang","Tiền Giang","Tiền Giang","Nội vùng"
"Bưu Cục QL50 Phường 9-Mỹ Tho-Tiền Giang","Tiền Giang","Tiền Giang","Nội vùng"
"Bưu Cục QL1A Hòa Khánh-Cái Bè-Tiền Giang","Tiền Giang","Tiền Giang","Nội vùng"
"Bưu Cục 888 QL1A-Phường 2-Cai Lậy-Tiền Giang","Tiền Giang","Tiền Giang","Nội vùng"
"Bưu Cục Khóm 3 Trần Hưng Đạo-Xã Tháp Mười-Đồng Tháp","Tiền Giang","Tiền Giang","Nội vùng"
"Bưu Cục Phước Hậu-Phước Mỹ Trung-Bến Tre","Bến Tre","Bến Tre","Nội vùng"
"Bưu Cục Mỏ Cày Nam-Bến Tre","Bến Tre","Bến Tre","Nội vùng"
"Bưu Cục QL57-Bình Thạnh-Thạnh Phú-Bến Tre","Bến Tre","Bến Tre","Nội vùng"
"Bưu Cục 3/2 Thị Trấn Châu Thành-Bến Tre","Bến Tre","Bến Tre","Nội vùng"
"Bưu Cục 89 Nguyễn Thị Định-TP.Bến Tre","Bến Tre","Bến Tre","Nội vùng"
"Bưu cục Ấp 5A Thị Trấn Giồng Trôm-Giồng Trôm-Bến Tre","Bến Tre","Bến Tre","Nội vùng"
"Bưu Cục Long Trung-Cai Lậy-Tiền Giang","Long An","Long An","Nội vùng"
"Bưu Cục 25 Khedol -Xã Suối Đá-Dương Minh Châu-Tây Ninh","Tây Ninh","Tây Ninh","Nội vùng"
"Bưu Cục QL57 KP3-Thị Trấn Chợ Lách-Bến Tre","Bến Tre","Bến Tre","Nội vùng"
"Bưu Cục QL57-Bình Thới-Bình Đại-Bến Tre","Bến Tre","Bến Tre","Nội vùng"
"Bưu cục Hội Nghĩa-Tân Uyên-Bình Dương","Bình Dương","Bình Dương","Nội vùng"
"Bưu Cục 478 Đường Tua Hai-Bình Minh-Tây Ninh","Tây Ninh","Tây Ninh","Nội vùng"
"Bưu Cục Tỉnh Lộ 868-Phú Cường-Cai Lậy-Tiền Giang","Tiền Giang","Tiền Giang","Nội vùng"
"Bưu Cục Đường NH17-Hòa Phú-Thủ Dầu Một-Bình Dương","Bình Dương","Bình Dương","Nội vùng"
"Bưu Cục Trừ Văn Thố-Bàu Bàng-Bình Dương","Bình Dương","Bình Dương","Nội vùng"
"Bưu Cục 86 Tiên Thuỷ-Châu Thành-Bến Tre","Bến Tre","Bến Tre","Nội vùng"
"Bưu Cục KP2-Thị Trấn Ba Tri-Bến Tre","Bến Tre","Bến Tre","Nội vùng"
"Bưu Cục Ấp 2-Phú Nhuận-Bến Tre","Bến Tre","Bến Tre","Nội vùng"
"Bưu Cục KP6 Vĩnh Tân-Tân Uyên-Bình Dương","Bình Dương","Bình Dương","Nội vùng"
"Bưu Cục 136 Đường Huyện 704-Minh Tân-Dầu Tiếng-Bình Dương","Bình Dương","Bình Dương","Nội vùng"
"Bưu Cục Chánh Hội-Tân Mỹ-Đức Hòa-Long An","Long An","Long An","Nội vùng"
"Bưu Cục Ấp 4-Long Hoà-Cần Đước-Long An","Long An","Long An","Nội vùng"
"Bưu Cục 150 Đường DT743A-TP.Dĩ An-Bình Dương","Bình Dương","Bình Dương","Nội vùng"
"Bưu Cục 1417 Đường N4-D2 KDC Thanh Duy-TP.Tân Uyên-Bình Dương","Bình Dương","Bình Dương","Nội vùng"
"Bưu Cục Đường Tỉnh 830-Xã Lương Bình-Long An","Long An","Long An","Nội vùng"
"Bưu Cục Quốc Lộ 57B-Xã Lộc Thuận-Bến Tre","Bến Tre","Bến Tre","Nội vùng"
"Bưu Cục Ấp Cầu Xây-Xã Thủ Thừa-Long An","Long An","Long An","Nội vùng"
"Bưu Cục Đường Tỉnh 861-Xã Mỹ Lợi-Tiền Giang","Tiền Giang","Tiền Giang","Nội vùng"
